group,n,prevalence,auroc,auprc,brier,ece,tpr,fpr
F,357,0.24929971988795518,0.632902901224216,0.3856959553542353,0.24005891649174377,0.22037085679983226,0.6404494382022472,0.4029850746268657
M,393,0.2926208651399491,0.5900531748514232,0.3791144907742311,0.2517292274558458,0.18078827029496963,0.5043478260869565,0.3776978417266187
