group,n,prevalence,auroc,auprc,brier,ece,tpr,fpr
<65,187,0.18716577540106952,0.580639097744361,0.28521104108668177,0.1917240940638771,0.15624458255136714,0.2571428571428571,0.19736842105263153
>=65,563,0.30017761989342806,0.5931276844982428,0.3945097742457766,0.2642597051292272,0.21578395278002824,0.6272189349112426,0.46446700507614214
