{
  "auroc": 0.6073134381957912,
  "auprc": 0.376218967503516,
  "brier_score": 0.24617415943693322,
  "ece": 0.196182375172774,
  "prevalence": 0.272,
  "n": 750,
  "t0.5_sensitivity": 0.5637254901960784,
  "t0.5_specificity": 0.6098901098901099,
  "t0.5_ppv": 0.35060975609756095,
  "t0.5_npv": 0.7890995260663507,
  "t0.5_threshold": 0.5,
  "t80sp_sensitivity": 0.3480392156862745,
  "t80sp_specificity": 0.8021978021978022,
  "t80sp_ppv": 0.39664804469273746,
  "t80sp_npv": 0.7670753064798599,
  "t80sp_threshold": 0.6499199867248535,
  "fairness_sex_worst_subgroup_auroc": 0.5900531748514232,
  "fairness_sex_mean_subgroup_auroc": 0.6114780380378195,
  "fairness_sex_demographic_parity_gap": 0.04332114525199393,
  "fairness_sex_equalized_odds_tpr_gap": 0.1361016121152907,
  "fairness_sex_equalized_odds_fpr_gap": 0.025287232900247036,
  "fairness_race_worst_subgroup_auroc": 0.5,
  "fairness_race_mean_subgroup_auroc": 0.5775934139291521,
  "fairness_race_demographic_parity_gap": 0.13214285714285715,
  "fairness_race_equalized_odds_tpr_gap": 0.36689930209371885,
  "fairness_race_equalized_odds_fpr_gap": 0.17466307277628024,
  "fairness_age_group_worst_subgroup_auroc": 0.580639097744361,
  "fairness_age_group_mean_subgroup_auroc": 0.5868833911213018,
  "fairness_age_group_demographic_parity_gap": 0.11301184449235854,
  "fairness_age_group_equalized_odds_tpr_gap": 0.37007607776838547,
  "fairness_age_group_equalized_odds_fpr_gap": 0.2670985840235106
}