{
  "model": "ft_transformer",
  "seed": 42,
  "test_auroc": 0.6073134381957912,
  "best_params": {
    "d_token": 128,
    "n_layers": 1,
    "n_heads": 4,
    "dropout": 0.3464704583099741,
    "lr": 0.0003991305878561678,
    "weight_decay": 0.0006796578090758161,
    "batch_size": 256
  }
}