group,n,prevalence,auroc,auprc,brier,ece,tpr,fpr
ASIAN,32,0.25,0.5,0.277628097800922,0.26683245913528364,0.2786580828251317,0.375,0.375
BLACK/AFRICAN AMERICAN,140,0.24285714285714285,0.5302441731409545,0.295162731955001,0.24936674546213555,0.23576596512326173,0.29411764705882354,0.339622641509434
HISPANIC/LATINO,76,0.3026315789473684,0.5684987694831829,0.34611307600039004,0.24823132473299167,0.16478371458422195,0.5217391304347826,0.3584905660377359
OTHER/UNKNOWN,56,0.375,0.6448979591836734,0.5538420739116491,0.2415327540737409,0.20162538452340023,0.5714285714285714,0.5142857142857142
WHITE,446,0.2645739910313901,0.6443261678379496,0.40637645413657786,0.2439220215534417,0.2255632868663078,0.6610169491525424,0.39939024390243905
