{
  "model": "lightgbm",
  "seed": 42,
  "test_auroc": 0.5906503627091862,
  "best_params": {
    "num_leaves": 218,
    "max_depth": 3,
    "learning_rate": 0.2652261985899886,
    "n_estimators": 850,
    "subsample": 0.6061695553391381,
    "colsample_bytree": 0.5909124836035503,
    "reg_alpha": 4.4734294104626844e-07,
    "reg_lambda": 5.472429642032198e-06,
    "min_child_samples": 55
  }
}