group,n,prevalence,auroc,auprc,brier,ece,tpr,fpr
ASIAN,32,0.25,0.4895833333333333,0.27310584839996604,0.275094855775724,0.27439541749762186,0.125,0.25
BLACK/AFRICAN AMERICAN,140,0.24285714285714285,0.5563263041065484,0.32348610767913,0.22461604434005347,0.1912637770811075,0.20588235294117646,0.12264150943396224
HISPANIC/LATINO,76,0.3026315789473684,0.5365053322395407,0.36362909040924973,0.27376188975765753,0.24680455073441343,0.08695652173913043,0.2075471698113207
OTHER/UNKNOWN,56,0.375,0.636734693877551,0.5257280060818268,0.2633044741151435,0.20012088461726363,0.23809523809523808,0.1428571428571429
WHITE,446,0.2645739910313901,0.6062422488631667,0.36258963917398696,0.22014863603312831,0.16089249308711123,0.2542372881355932,0.14939024390243905
