{
  "auroc": 0.5906503627091862,
  "auprc": 0.3492775588257524,
  "brier_score": 0.23198203658031452,
  "ece": 0.17788049843341455,
  "prevalence": 0.272,
  "n": 750,
  "t0.5_sensitivity": 0.22058823529411764,
  "t0.5_specificity": 0.8461538461538461,
  "t0.5_ppv": 0.3488372093023256,
  "t0.5_npv": 0.7439613526570048,
  "t0.5_threshold": 0.5,
  "t80sp_sensitivity": 0.29901960784313725,
  "t80sp_specificity": 0.8003663003663004,
  "t80sp_ppv": 0.3588235294117647,
  "t80sp_npv": 0.753448275862069,
  "t80sp_threshold": 0.41618655776780866,
  "fairness_sex_worst_subgroup_auroc": 0.5881138567406944,
  "fairness_sex_mean_subgroup_auroc": 0.5928997927003825,
  "fairness_sex_demographic_parity_gap": 0.04332114525199393,
  "fairness_sex_equalized_odds_tpr_gap": 0.04719101123595504,
  "fairness_sex_equalized_odds_fpr_gap": 0.005637281219800339,
  "fairness_race_worst_subgroup_auroc": 0.4895833333333333,
  "fairness_race_mean_subgroup_auroc": 0.565078382484028,
  "fairness_race_demographic_parity_gap": 0.13214285714285715,
  "fairness_race_equalized_odds_tpr_gap": 0.16728076639646278,
  "fairness_race_equalized_odds_fpr_gap": 0.12735849056603776,
  "fairness_age_group_worst_subgroup_auroc": 0.5635338345864662,
  "fairness_age_group_mean_subgroup_auroc": 0.5735399626781489,
  "fairness_age_group_demographic_parity_gap": 0.11301184449235854,
  "fairness_age_group_equalized_odds_tpr_gap": 0.1972950126796281,
  "fairness_age_group_equalized_odds_fpr_gap": 0.09467672989580556
}