group,n,prevalence,auroc,auprc,brier,ece,tpr,fpr
F,357,0.24929971988795518,0.5976857286600705,0.32012028159265493,0.21948031321276046,0.17504468507245227,0.24719101123595505,0.15671641791044777
M,393,0.2926208651399491,0.5881138567406944,0.3834447726917338,0.24333856391419953,0.18175050140934293,0.2,0.15107913669064743
