group,n,prevalence,auroc,auprc,brier,ece,tpr,fpr
<65,187,0.18716577540106952,0.5635338345864662,0.21655940767506338,0.19047650916835088,0.17570122455123066,0.05714285714285714,0.08552631578947367
>=65,563,0.30017761989342806,0.5835460907698315,0.3816413035663154,0.24576806433526519,0.18379503976227957,0.25443786982248523,0.18020304568527923
