{
  "auroc": 0.6474807871866695,
  "auprc": 0.43571627879395397,
  "brier_score": 0.2303206029953443,
  "ece": 0.2096734458671978,
  "prevalence": 0.272,
  "n": 750,
  "t0.5_sensitivity": 0.6029411764705882,
  "t0.5_specificity": 0.6245421245421245,
  "t0.5_ppv": 0.375,
  "t0.5_npv": 0.8080568720379147,
  "t0.5_threshold": 0.5,
  "t80sp_sensitivity": 0.4068627450980392,
  "t80sp_specificity": 0.8021978021978022,
  "t80sp_ppv": 0.43455497382198954,
  "t80sp_npv": 0.7835420393559929,
  "t80sp_threshold": 0.5708309040826266,
  "fairness_sex_worst_subgroup_auroc": 0.6257741632780732,
  "fairness_sex_mean_subgroup_auroc": 0.6516217789390534,
  "fairness_sex_demographic_parity_gap": 0.04332114525199393,
  "fairness_sex_equalized_odds_tpr_gap": 0.006741573033707926,
  "fairness_sex_equalized_odds_fpr_gap": 0.032078814560292046,
  "fairness_race_worst_subgroup_auroc": 0.5729166666666666,
  "fairness_race_mean_subgroup_auroc": 0.6185026010601951,
  "fairness_race_demographic_parity_gap": 0.13214285714285715,
  "fairness_race_equalized_odds_tpr_gap": 0.24925224327018947,
  "fairness_race_equalized_odds_fpr_gap": 0.11871069182389937,
  "fairness_age_group_worst_subgroup_auroc": 0.6007518796992481,
  "fairness_age_group_mean_subgroup_auroc": 0.6205108030340772,
  "fairness_age_group_demographic_parity_gap": 0.11301184449235854,
  "fairness_age_group_equalized_odds_tpr_gap": 0.38292476754015214,
  "fairness_age_group_equalized_odds_fpr_gap": 0.31061314453646816
}