group,n,prevalence,auroc,auprc,brier,ece,tpr,fpr
<65,187,0.18716577540106952,0.6007518796992481,0.30094979129940314,0.19022743800826147,0.1990937170435986,0.2857142857142857,0.15131578947368418
>=65,563,0.30017761989342806,0.6402697263689063,0.4605029668172591,0.24363751569975725,0.21389723906309144,0.6686390532544378,0.46192893401015234
