group,n,prevalence,auroc,auprc,brier,ece,tpr,fpr
F,357,0.24929971988795518,0.6774693946000335,0.4139642993202954,0.22614070414058376,0.22900674896612924,0.6067415730337079,0.39179104477611937
M,393,0.2926208651399491,0.6257741632780732,0.4543706307321505,0.23411761035195885,0.19593476798950213,0.6,0.3597122302158273
