group,n,prevalence,auroc,auprc,brier,ece,tpr,fpr
ASIAN,32,0.25,0.5729166666666666,0.3665256892230576,0.2454972248283919,0.29228925166630226,0.5,0.45833333333333337
BLACK/AFRICAN AMERICAN,140,0.24285714285714285,0.5904550499445061,0.3695091839722964,0.2338974515355873,0.23496516833669212,0.4117647058823529,0.339622641509434
HISPANIC/LATINO,76,0.3026315789473684,0.5783429040196882,0.373549758513393,0.24556810513240007,0.20732624196957725,0.6086956521739131,0.39622641509433965
OTHER/UNKNOWN,56,0.375,0.672108843537415,0.6278845793832604,0.2235436426865903,0.15975591100539882,0.6190476190476191,0.4
WHITE,446,0.2645739910313901,0.6786895411326995,0.45353020596320676,0.22636160954373544,0.21876079378606633,0.6610169491525424,0.375
