group,n,prevalence,auroc,auprc,brier,ece,tpr,fpr
ASIAN,32,0.25,0.515625,0.30109694526170494,0.23845387535001963,0.23129584384150803,0.375,0.33333333333333337
BLACK/AFRICAN AMERICAN,140,0.24285714285714285,0.5224750277469479,0.3207730155847155,0.2290034412318909,0.1849919707647392,0.23529411764705882,0.2735849056603774
HISPANIC/LATINO,76,0.3026315789473684,0.5684987694831829,0.3760102981039892,0.23841484468261645,0.1584784984588623,0.391304347826087,0.24528301886792447
OTHER/UNKNOWN,56,0.375,0.638095238095238,0.5079820582988076,0.2326301093761797,0.14109964349440166,0.5714285714285714,0.37142857142857144
WHITE,446,0.2645739910313901,0.6613528317486566,0.4308235990924308,0.21809406781672167,0.1883700380744955,0.6186440677966102,0.3292682926829268
