group,n,prevalence,auroc,auprc,brier,ece,tpr,fpr
<65,187,0.18716577540106952,0.5520676691729323,0.259484085956969,0.1895297684436718,0.17733092108034193,0.17142857142857143,0.125
>=65,563,0.30017761989342806,0.6159402877481753,0.41768244864721205,0.23564068854689438,0.1779637341495094,0.5857988165680473,0.3857868020304569
