group,n,prevalence,auroc,auprc,brier,ece,tpr,fpr
F,357,0.24929971988795518,0.6474090223042093,0.40822618794808363,0.21422669334682265,0.19078477085972367,0.5056179775280899,0.30597014925373134
M,393,0.2926208651399491,0.5932436659368158,0.3954250136479277,0.23315227691107498,0.17433757164323604,0.5217391304347826,0.32014388489208634
