{
  "model": "mlp",
  "seed": 42,
  "test_auroc": 0.6174226100696689,
  "best_params": {
    "hidden_dim": 64,
    "num_layers": 2,
    "dropout": 0.15212112147976886,
    "lr": 0.0011207606211860567,
    "weight_decay": 5.34293726127978e-05,
    "batch_size": 256
  }
}