{
  "auroc": 0.6174226100696689,
  "auprc": 0.39211407789844976,
  "brier_score": 0.22414369913449086,
  "ece": 0.17482658124963443,
  "prevalence": 0.272,
  "n": 750,
  "t0.5_sensitivity": 0.5147058823529411,
  "t0.5_specificity": 0.6868131868131868,
  "t0.5_ppv": 0.3804347826086957,
  "t0.5_npv": 0.7911392405063291,
  "t0.5_threshold": 0.5,
  "t80sp_sensitivity": 0.37254901960784315,
  "t80sp_specificity": 0.8003663003663004,
  "t80sp_ppv": 0.41081081081081083,
  "t80sp_npv": 0.7734513274336283,
  "t80sp_threshold": 0.5602124929428101,
  "fairness_sex_worst_subgroup_auroc": 0.5932436659368158,
  "fairness_sex_mean_subgroup_auroc": 0.6203263441205125,
  "fairness_sex_demographic_parity_gap": 0.04332114525199393,
  "fairness_sex_equalized_odds_tpr_gap": 0.016121152906692693,
  "fairness_sex_equalized_odds_fpr_gap": 0.014173735638355,
  "fairness_race_worst_subgroup_auroc": 0.515625,
  "fairness_race_mean_subgroup_auroc": 0.581209373414805,
  "fairness_race_demographic_parity_gap": 0.13214285714285715,
  "fairness_race_equalized_odds_tpr_gap": 0.38334995014955137,
  "fairness_race_equalized_odds_fpr_gap": 0.12614555256064697,
  "fairness_age_group_worst_subgroup_auroc": 0.5520676691729323,
  "fairness_age_group_mean_subgroup_auroc": 0.5840039784605537,
  "fairness_age_group_demographic_parity_gap": 0.11301184449235854,
  "fairness_age_group_equalized_odds_tpr_gap": 0.4143702451394759,
  "fairness_age_group_equalized_odds_fpr_gap": 0.2607868020304569
}