{
  "model": "tabnet",
  "seed": 42,
  "test_auroc": 0.5299773755656109,
  "best_params": {
    "n_d": 29,
    "n_a": 62,
    "n_steps": 8,
    "gamma": 1.5986584841970366,
    "lambda_sparse": 2.9380279387035354e-06,
    "lr": 0.001595708469414836,
    "batch_size": 512
  }
}