{
  "auroc": 0.5299773755656109,
  "auprc": 0.30159227672992406,
  "brier_score": 0.2652991546291895,
  "ece": 0.23946514464369587,
  "prevalence": 0.272,
  "n": 750,
  "t0.5_sensitivity": 0.5294117647058824,
  "t0.5_specificity": 0.5,
  "t0.5_ppv": 0.28346456692913385,
  "t0.5_npv": 0.7398373983739838,
  "t0.5_threshold": 0.5,
  "t80sp_sensitivity": 0.23039215686274508,
  "t80sp_specificity": 0.8003663003663004,
  "t80sp_ppv": 0.30128205128205127,
  "t80sp_npv": 0.7356902356902357,
  "t80sp_threshold": 0.6171937584877014,
  "fairness_sex_worst_subgroup_auroc": 0.5024710666249609,
  "fairness_sex_mean_subgroup_auroc": 0.5336646797152977,
  "fairness_sex_demographic_parity_gap": 0.04332114525199393,
  "fairness_sex_equalized_odds_tpr_gap": 0.07738153395212499,
  "fairness_sex_equalized_odds_fpr_gap": 0.007328465585740407,
  "fairness_race_worst_subgroup_auroc": 0.4791666666666667,
  "fairness_race_mean_subgroup_auroc": 0.5248841149829071,
  "fairness_race_demographic_parity_gap": 0.13214285714285715,
  "fairness_race_equalized_odds_tpr_gap": 0.22669491525423724,
  "fairness_race_equalized_odds_fpr_gap": 0.22764227642276424,
  "fairness_age_group_worst_subgroup_auroc": 0.521896494758658,
  "fairness_age_group_mean_subgroup_auroc": 0.5313429842214342,
  "fairness_age_group_demographic_parity_gap": 0.11301184449235854,
  "fairness_age_group_equalized_odds_tpr_gap": 0.052747252747252726,
  "fairness_age_group_equalized_odds_fpr_gap": 0.08205316590969813
}