group,n,prevalence,auroc,auprc,brier,ece,tpr,fpr
ASIAN,32,0.25,0.4791666666666667,0.35018420586625454,0.2669254047436065,0.317184753366746,0.375,0.33333333333333337
BLACK/AFRICAN AMERICAN,140,0.24285714285714285,0.5324639289678135,0.26927482594297786,0.24375042629146507,0.21578245971884047,0.38235294117647056,0.4056603773584906
HISPANIC/LATINO,76,0.3026315789473684,0.5808039376538146,0.39023897908351685,0.2585970729704888,0.23913657425069493,0.5217391304347826,0.3584905660377359
OTHER/UNKNOWN,56,0.375,0.5020408163265306,0.3972772462961031,0.2634132156025476,0.18060415664539117,0.42857142857142855,0.5428571428571429
WHITE,446,0.2645739910313901,0.5299452252997107,0.30003825939756057,0.27332550609818795,0.26252191261526175,0.6016949152542372,0.5609756097560976
