group,n,prevalence,auroc,auprc,brier,ece,tpr,fpr
<65,187,0.18716577540106952,0.5407894736842105,0.24540922575272847,0.25696825865273454,0.29723102489815045,0.4857142857142857,0.4407894736842105
>=65,563,0.30017761989342806,0.521896494758658,0.32642609080959273,0.26806625506897125,0.22279668374991082,0.5384615384615384,0.5228426395939086
