group,n,prevalence,auroc,auprc,brier,ece,tpr,fpr
F,357,0.24929971988795518,0.5648582928056347,0.32230203295344295,0.2611244856704932,0.258065786786607,0.5730337078651685,0.5037313432835822
M,393,0.2926208651399491,0.5024710666249609,0.3008823746216404,0.26909141116418855,0.2324301564426362,0.4956521739130435,0.49640287769784175
