group,n,prevalence,auroc,auprc,brier,ece,tpr,fpr
ASIAN,32,0.25,0.5208333333333333,0.32489199308755756,0.20763063277856897,0.15650122123770416,0.125,0.08333333333333337
BLACK/AFRICAN AMERICAN,140,0.24285714285714285,0.5385682574916759,0.30084766346321634,0.2038140855428196,0.14509471123372872,0.08823529411764706,0.06603773584905659
HISPANIC/LATINO,76,0.3026315789473684,0.5545529122231337,0.3767660015066495,0.2223599865037398,0.10794549467238157,0.08695652173913043,0.05660377358490565
OTHER/UNKNOWN,56,0.375,0.653061224489796,0.561002767346618,0.22442420232590893,0.13216431621861247,0.19047619047619047,0.11428571428571432
WHITE,446,0.2645739910313901,0.6112288135593221,0.38635294318186686,0.19521727204938835,0.07234998330089677,0.17796610169491525,0.07926829268292679
