group,n,prevalence,auroc,auprc,brier,ece,tpr,fpr
<65,187,0.18716577540106952,0.5421052631578948,0.20790926226273582,0.16785435800891157,0.09409917251052545,0.02857142857142857,0.052631578947368474
>=65,563,0.30017761989342806,0.5912053584837653,0.40205242803645275,0.21371830358047036,0.08420766480465552,0.17751479289940827,0.08629441624365486
