group,n,prevalence,auroc,auprc,brier,ece,tpr,fpr
F,357,0.24929971988795518,0.5910196209961428,0.35150512279795404,0.19233196286892582,0.09400306606576556,0.15730337078651685,0.07835820895522383
M,393,0.2926208651399491,0.6050359712230216,0.3901604624566607,0.2113222878352793,0.10587615322359568,0.14782608695652175,0.07553956834532372
