{
  "auroc": 0.5958126840479782,
  "auprc": 0.36910210916966135,
  "brier_score": 0.20228289315129502,
  "ece": 0.08227465512230993,
  "prevalence": 0.272,
  "n": 750,
  "t0.5_sensitivity": 0.15196078431372548,
  "t0.5_specificity": 0.9230769230769231,
  "t0.5_ppv": 0.4246575342465753,
  "t0.5_npv": 0.7444608567208272,
  "t0.5_threshold": 0.5,
  "t80sp_sensitivity": 0.30392156862745096,
  "t80sp_specificity": 0.8040293040293041,
  "t80sp_ppv": 0.3668639053254438,
  "t80sp_npv": 0.7555938037865749,
  "t80sp_threshold": 0.38353589177131653,
  "fairness_sex_worst_subgroup_auroc": 0.5910196209961428,
  "fairness_sex_mean_subgroup_auroc": 0.5980277961095821,
  "fairness_sex_demographic_parity_gap": 0.04332114525199393,
  "fairness_sex_equalized_odds_tpr_gap": 0.009477283829995103,
  "fairness_sex_equalized_odds_fpr_gap": 0.0028186406099001138,
  "fairness_race_worst_subgroup_auroc": 0.5208333333333333,
  "fairness_race_mean_subgroup_auroc": 0.5756489082194522,
  "fairness_race_demographic_parity_gap": 0.13214285714285715,
  "fairness_race_equalized_odds_tpr_gap": 0.10351966873706003,
  "fairness_race_equalized_odds_fpr_gap": 0.057681940700808676,
  "fairness_age_group_worst_subgroup_auroc": 0.5421052631578948,
  "fairness_age_group_mean_subgroup_auroc": 0.5666553108208301,
  "fairness_age_group_demographic_parity_gap": 0.11301184449235854,
  "fairness_age_group_equalized_odds_tpr_gap": 0.1489433643279797,
  "fairness_age_group_equalized_odds_fpr_gap": 0.033662837296286385
}